Date,Ticker,High,Low,Open,Close,Volume,Adj Close
2012-01-03,UAL,19.270000457763672,18.739999771118164,19.229999542236328,18.899999618530273,3910000,18.899999618530273
2012-01-04,UAL,19.200000762939453,18.440000534057617,18.899999618530273,18.520000457763672,5809200,18.520000457763672
2012-01-05,UAL,18.59000015258789,17.670000076293945,18.450000762939453,18.389999389648438,8124800,18.389999389648438
2012-01-06,UAL,18.549999237060547,18.170000076293945,18.5,18.209999084472656,3904500,18.209999084472656
2012-01-09,UAL,18.350000381469727,17.850000381469727,18.350000381469727,17.93000030517578,5323200,17.93000030517578
2012-01-10,UAL,18.049999237060547,17.25,18.049999237060547,17.479999542236328,10101500,17.479999542236328
2012-01-11,UAL,18.079999923706055,17.309999465942383,17.309999465942383,18.010000228881836,6207000,18.010000228881836
2012-01-12,UAL,18.889999389648438,17.65999984741211,18.0,18.530000686645508,9987700,18.530000686645508
2012-01-13,UAL,18.700000762939453,18.280000686645508,18.450000762939453,18.43000030517578,5281300,18.43000030517578
2012-01-17,UAL,18.600000381469727,18.139999389648438,18.530000686645508,18.229999542236328,4511100,18.229999542236328
2012-01-18,UAL,18.549999237060547,17.760000228881836,18.18000030517578,18.25,5308900,18.25
2012-01-19,UAL,19.280000686645508,18.34000015258789,18.350000381469727,19.149999618530273,6179500,19.149999618530273
2012-01-20,UAL,19.579999923706055,18.959999084472656,19.040000915527344,19.329999923706055,4626500,19.329999923706055
2012-01-23,UAL,19.5,18.920000076293945,19.260000228881836,18.940000534057617,4493100,18.940000534057617
2012-01-24,UAL,19.68000030517578,18.709999084472656,18.799999237060547,19.399999618530273,5801400,19.399999618530273
2012-01-25,UAL,20.860000610351562,20.190000534057617,20.190000534057617,20.40999984741211,12420900,20.40999984741211
2012-01-26,UAL,22.440000534057617,21.299999237060547,21.329999923706055,21.700000762939453,14024400,21.700000762939453
2012-01-27,UAL,23.399999618530273,21.559999465942383,21.579999923706055,23.09000015258789,13232300,23.09000015258789
2012-01-30,UAL,23.479999542236328,22.360000610351562,22.399999618530273,22.989999771118164,8221800,22.989999771118164
2012-01-31,UAL,23.18000030517578,22.459999084472656,22.84000015258789,23.100000381469727,7322800,23.100000381469727
2012-02-01,UAL,23.399999618530273,22.950000762939453,23.149999618530273,23.209999084472656,5262500,23.209999084472656
2012-02-02,UAL,24.190000534057617,23.209999084472656,23.270000457763672,24.09000015258789,7057400,24.09000015258789
2012-02-03,UAL,25.84000015258789,24.239999771118164,24.299999237060547,24.969999313354492,9877000,24.969999313354492
2012-02-06,UAL,24.780000686645508,23.850000381469727,24.6299991607666,24.229999542236328,4857200,24.229999542236328
2012-02-07,UAL,24.68000030517578,23.950000762939453,24.239999771118164,24.260000228881836,5187300,24.260000228881836
2012-02-08,UAL,24.270000457763672,23.260000228881836,23.90999984741211,23.8799991607666,8572500,23.8799991607666
2012-02-09,UAL,24.200000762939453,23.5,23.889999389648438,24.0,3892600,24.0
2012-02-10,UAL,24.020000457763672,23.440000534057617,23.700000762939453,23.75,2765500,23.75
2012-02-13,UAL,24.049999237060547,23.6200008392334,23.90999984741211,23.969999313354492,3287800,23.969999313354492
2012-02-14,UAL,23.950000762939453,23.100000381469727,23.790000915527344,23.56999969482422,4615500,23.56999969482422
2012-02-15,UAL,23.799999237060547,23.020000457763672,23.649999618530273,23.15999984741211,4502500,23.15999984741211
2012-02-16,UAL,23.75,22.700000762939453,23.200000762939453,23.68000030517578,5435000,23.68000030517578
2012-02-17,UAL,23.979999542236328,23.219999313354492,23.639999389648438,23.3700008392334,3685700,23.3700008392334
2012-02-21,UAL,23.110000610351562,20.670000076293945,23.100000381469727,21.239999771118164,11698100,21.239999771118164
2012-02-22,UAL,21.709999084472656,20.860000610351562,21.200000762939453,20.940000534057617,8776000,20.940000534057617
2012-02-23,UAL,21.09000015258789,19.979999542236328,20.81999969482422,20.639999389648438,8940200,20.639999389648438
2012-02-24,UAL,21.170000076293945,20.360000610351562,20.729999542236328,20.40999984741211,5592800,20.40999984741211
2012-02-27,UAL,20.6299991607666,19.969999313354492,20.469999313354492,20.06999969482422,7256900,20.06999969482422
2012-02-28,UAL,20.690000534057617,19.959999084472656,20.010000228881836,20.579999923706055,7254800,20.579999923706055
2012-02-29,UAL,21.059999465942383,20.3700008392334,20.510000228881836,20.649999618530273,5667800,20.649999618530273
2012-03-01,UAL,21.030000686645508,20.280000686645508,20.6200008392334,20.40999984741211,7604300,20.40999984741211
2012-03-02,UAL,21.59000015258789,20.270000457763672,20.489999771118164,20.940000534057617,5125800,20.940000534057617
2012-03-05,UAL,21.0,20.25,20.770000457763672,20.469999313354492,5591500,20.469999313354492
2012-03-06,UAL,20.950000762939453,19.690000534057617,20.34000015258789,19.8799991607666,6566100,19.8799991607666
2012-03-07,UAL,20.489999771118164,19.75,20.040000915527344,19.790000915527344,6174600,19.790000915527344
2012-03-08,UAL,19.989999771118164,19.34000015258789,19.3700008392334,19.959999084472656,6753900,19.959999084472656
2012-03-09,UAL,20.239999771118164,19.770000457763672,20.049999237060547,19.81999969482422,5479000,19.81999969482422
2012-03-12,UAL,20.170000076293945,19.43000030517578,19.68000030517578,19.6200008392334,5569900,19.6200008392334
2012-03-13,UAL,20.0,19.459999084472656,19.770000457763672,19.829999923706055,6968200,19.829999923706055
2012-03-14,UAL,19.809999465942383,19.1299991607666,19.729999542236328,19.420000076293945,6862600,19.420000076293945
2012-03-15,UAL,20.829999923706055,19.450000762939453,19.59000015258789,20.389999389648438,11017200,20.389999389648438
2012-03-16,UAL,20.489999771118164,19.729999542236328,20.40999984741211,19.950000762939453,8719600,19.950000762939453
2012-03-19,UAL,20.6200008392334,19.90999984741211,19.93000030517578,20.6200008392334,5692700,20.6200008392334
2012-03-20,UAL,21.170000076293945,20.239999771118164,20.6299991607666,21.020000457763672,9042900,21.020000457763672
2012-03-21,UAL,21.030000686645508,20.540000915527344,20.979999542236328,20.559999465942383,5603600,20.559999465942383
2012-03-22,UAL,21.049999237060547,19.860000610351562,20.809999465942383,19.940000534057617,9399200,19.940000534057617
2012-03-23,UAL,20.559999465942383,19.8799991607666,20.0,20.549999237060547,4698800,20.549999237060547
2012-03-26,UAL,21.030000686645508,20.479999542236328,20.65999984741211,20.969999313354492,7071200,20.969999313354492
2012-03-27,UAL,21.100000381469727,20.729999542236328,20.940000534057617,20.93000030517578,4209300,20.93000030517578
2012-03-28,UAL,22.190000534057617,21.010000228881836,21.09000015258789,21.889999389648438,13789500,21.889999389648438
2012-03-29,UAL,22.540000915527344,21.399999618530273,21.68000030517578,22.34000015258789,8386600,22.34000015258789
2012-03-30,UAL,22.110000610351562,21.450000762939453,21.950000762939453,21.5,8732400,21.5
2012-04-02,UAL,21.739999771118164,21.200000762939453,21.510000228881836,21.489999771118164,4590100,21.489999771118164
2012-04-03,UAL,22.350000381469727,21.479999542236328,21.479999542236328,22.010000228881836,5546800,22.010000228881836
2012-04-04,UAL,22.030000686645508,21.309999465942383,21.5,21.43000030517578,6415700,21.43000030517578
2012-04-05,UAL,21.739999771118164,21.219999313354492,21.309999465942383,21.399999618530273,3482000,21.399999618530273
2012-04-09,UAL,21.489999771118164,20.90999984741211,21.209999084472656,21.079999923706055,4792500,21.079999923706055
2012-04-10,UAL,21.3799991607666,20.549999237060547,21.270000457763672,20.579999923706055,5899500,20.579999923706055
2012-04-11,UAL,21.239999771118164,20.75,20.889999389648438,21.040000915527344,4156200,21.040000915527344
2012-04-12,UAL,21.770000457763672,21.15999984741211,21.15999984741211,21.520000457763672,6393000,21.520000457763672
2012-04-13,UAL,21.6299991607666,21.09000015258789,21.440000534057617,21.440000534057617,4972900,21.440000534057617
2012-04-16,UAL,22.540000915527344,21.530000686645508,21.56999969482422,22.299999237060547,6820200,22.299999237060547
2012-04-17,UAL,22.770000457763672,22.209999084472656,22.219999313354492,22.670000076293945,5160600,22.670000076293945
2012-04-18,UAL,23.260000228881836,22.520000457763672,22.920000076293945,22.700000762939453,6355800,22.700000762939453
2012-04-19,UAL,23.770000457763672,22.639999389648438,22.790000915527344,23.34000015258789,7320900,23.34000015258789
2012-04-20,UAL,23.649999618530273,22.799999237060547,23.260000228881836,22.90999984741211,5273600,22.90999984741211
2012-04-23,UAL,23.309999465942383,22.5,22.760000228881836,22.850000381469727,4408400,22.850000381469727
2012-04-24,UAL,23.3799991607666,22.75,22.760000228881836,22.81999969482422,3550300,22.81999969482422
2012-04-25,UAL,23.579999923706055,22.56999969482422,23.079999923706055,22.969999313354492,8364600,22.969999313354492
2012-04-26,UAL,23.15999984741211,21.829999923706055,23.15999984741211,22.1200008392334,7828400,22.1200008392334
2012-04-27,UAL,22.25,21.450000762939453,22.079999923706055,22.170000076293945,4998800,22.170000076293945
2012-04-30,UAL,22.329999923706055,21.739999771118164,22.1299991607666,21.920000076293945,4340500,21.920000076293945
2012-05-01,UAL,22.209999084472656,21.829999923706055,21.959999084472656,21.90999984741211,4112600,21.90999984741211
2012-05-02,UAL,21.969999313354492,21.450000762939453,21.959999084472656,21.65999984741211,2919400,21.65999984741211
2012-05-03,UAL,22.100000381469727,21.549999237060547,21.68000030517578,21.56999969482422,5631500,21.56999969482422
2012-05-04,UAL,22.479999542236328,21.780000686645508,21.790000915527344,22.280000686645508,5338600,22.280000686645508
2012-05-07,UAL,23.809999465942383,22.290000915527344,22.450000762939453,23.59000015258789,10589000,23.59000015258789
2012-05-08,UAL,24.0,23.350000381469727,23.479999542236328,23.899999618530273,7543800,23.899999618530273
2012-05-09,UAL,23.81999969482422,23.31999969482422,23.639999389648438,23.469999313354492,5338400,23.469999313354492
2012-05-10,UAL,24.0,23.549999237060547,23.56999969482422,23.760000228881836,4283100,23.760000228881836
2012-05-11,UAL,24.25,23.540000915527344,23.559999465942383,24.110000610351562,3413100,24.110000610351562
2012-05-14,UAL,24.3700008392334,23.950000762939453,23.979999542236328,24.0,4221100,24.0
2012-05-15,UAL,24.059999465942383,23.530000686645508,24.059999465942383,23.690000534057617,2880600,23.690000534057617
2012-05-16,UAL,24.25,23.639999389648438,23.690000534057617,23.65999984741211,4720000,23.65999984741211
2012-05-17,UAL,23.719999313354492,21.719999313354492,23.670000076293945,21.899999618530273,7501000,21.899999618530273
2012-05-18,UAL,22.059999465942383,20.84000015258789,21.8799991607666,20.93000030517578,8352100,20.93000030517578
2012-05-21,UAL,21.979999542236328,20.979999542236328,21.100000381469727,21.920000076293945,4416700,21.920000076293945
2012-05-22,UAL,22.5,21.649999618530273,22.020000457763672,21.829999923706055,4021600,21.829999923706055
2012-05-23,UAL,22.34000015258789,21.309999465942383,21.770000457763672,22.309999465942383,3700000,22.309999465942383
2012-05-24,UAL,23.950000762939453,22.43000030517578,22.43000030517578,23.530000686645508,5924400,23.530000686645508
2012-05-25,UAL,24.100000381469727,23.290000915527344,23.59000015258789,23.56999969482422,2815300,23.56999969482422
2012-05-29,UAL,24.149999618530273,23.530000686645508,23.760000228881836,23.8799991607666,3846700,23.8799991607666
2012-05-30,UAL,24.520000457763672,23.56999969482422,23.770000457763672,24.170000076293945,4959400,24.170000076293945
2012-05-31,UAL,25.5,24.020000457763672,24.399999618530273,25.170000076293945,6220000,25.170000076293945
2012-06-01,UAL,25.219999313354492,23.93000030517578,25.149999618530273,24.360000610351562,5996800,24.360000610351562
2012-06-04,UAL,24.18000030517578,22.290000915527344,24.1299991607666,22.520000457763672,9159000,22.520000457763672
2012-06-05,UAL,23.75,22.610000610351562,22.610000610351562,23.280000686645508,5190800,23.280000686645508
2012-06-06,UAL,23.899999618530273,23.440000534057617,23.68000030517578,23.530000686645508,5132600,23.530000686645508
2012-06-07,UAL,24.139999389648438,22.920000076293945,23.770000457763672,22.920000076293945,5172500,22.920000076293945
2012-06-08,UAL,23.700000762939453,22.18000030517578,22.299999237060547,23.489999771118164,8768300,23.489999771118164
2012-06-11,UAL,23.850000381469727,21.979999542236328,23.68000030517578,22.049999237060547,6923600,22.049999237060547
2012-06-12,UAL,22.780000686645508,21.959999084472656,22.15999984741211,22.040000915527344,5748000,22.040000915527344
2012-06-13,UAL,23.100000381469727,21.850000381469727,22.1200008392334,22.799999237060547,6256900,22.799999237060547
2012-06-14,UAL,23.309999465942383,22.489999771118164,22.860000610351562,22.829999923706055,3325400,22.829999923706055
2012-06-15,UAL,22.889999389648438,22.110000610351562,22.68000030517578,22.31999969482422,4206800,22.31999969482422
2012-06-18,UAL,23.059999465942383,22.149999618530273,22.3799991607666,23.020000457763672,3314500,23.020000457763672
2012-06-19,UAL,23.899999618530273,22.829999923706055,23.110000610351562,23.709999084472656,4339400,23.709999084472656
2012-06-20,UAL,24.65999984741211,23.399999618530273,23.760000228881836,24.540000915527344,5456100,24.540000915527344
2012-06-21,UAL,24.790000915527344,24.059999465942383,24.5,24.18000030517578,7441100,24.18000030517578
2012-06-22,UAL,24.56999969482422,24.09000015258789,24.350000381469727,24.25,6190900,24.25
2012-06-25,UAL,24.149999618530273,23.079999923706055,23.989999771118164,23.649999618530273,3373800,23.649999618530273
2012-06-26,UAL,24.25,23.5,23.510000228881836,23.829999923706055,6055300,23.829999923706055
2012-06-27,UAL,24.3799991607666,23.65999984741211,24.059999465942383,23.969999313354492,4630000,23.969999313354492
2012-06-28,UAL,24.3799991607666,23.479999542236328,23.889999389648438,24.25,3468300,24.25
2012-06-29,UAL,24.540000915527344,24.079999923706055,24.440000534057617,24.329999923706055,4145300,24.329999923706055
2012-07-02,UAL,24.84000015258789,24.200000762939453,24.43000030517578,24.81999969482422,4134400,24.81999969482422
2012-07-03,UAL,24.65999984741211,23.700000762939453,24.450000762939453,24.079999923706055,2919400,24.079999923706055
2012-07-05,UAL,24.06999969482422,23.1299991607666,23.850000381469727,23.610000610351562,3669900,23.610000610351562
2012-07-06,UAL,24.280000686645508,23.510000228881836,23.510000228881836,24.239999771118164,3044800,24.239999771118164
2012-07-09,UAL,24.299999237060547,23.5,24.25,23.899999618530273,2814100,23.899999618530273
2012-07-10,UAL,24.170000076293945,23.520000457763672,24.059999465942383,23.860000610351562,3537700,23.860000610351562
2012-07-11,UAL,24.950000762939453,23.81999969482422,24.0,24.790000915527344,5674700,24.790000915527344
2012-07-12,UAL,24.440000534057617,23.520000457763672,23.979999542236328,23.780000686645508,5958600,23.780000686645508
2012-07-13,UAL,24.219999313354492,23.780000686645508,23.780000686645508,24.139999389648438,2118400,24.139999389648438
2012-07-16,UAL,24.559999465942383,23.959999084472656,24.0,24.229999542236328,2402100,24.229999542236328
2012-07-17,UAL,24.389999389648438,23.540000915527344,24.329999923706055,23.600000381469727,2979400,23.600000381469727
2012-07-18,UAL,23.639999389648438,22.469999313354492,23.56999969482422,22.84000015258789,5571300,22.84000015258789
2012-07-19,UAL,23.290000915527344,21.780000686645508,23.1200008392334,22.049999237060547,6094200,22.049999237060547
2012-07-20,UAL,22.260000228881836,21.520000457763672,21.920000076293945,21.549999237060547,4438100,21.549999237060547
2012-07-23,UAL,21.600000381469727,20.809999465942383,21.360000610351562,21.549999237060547,4673000,21.549999237060547
2012-07-24,UAL,21.489999771118164,19.940000534057617,21.489999771118164,20.3799991607666,10304000,20.3799991607666
2012-07-25,UAL,20.979999542236328,20.030000686645508,20.81999969482422,20.40999984741211,7255400,20.40999984741211
2012-07-26,UAL,19.75,18.579999923706055,19.510000228881836,19.200000762939453,11803200,19.200000762939453
2012-07-27,UAL,19.25,18.780000686645508,19.25,19.059999465942383,5374300,19.059999465942383
2012-07-30,UAL,19.299999237060547,18.75,18.959999084472656,19.030000686645508,4412100,19.030000686645508
2012-07-31,UAL,19.170000076293945,18.790000915527344,19.059999465942383,18.889999389648438,5218200,18.889999389648438
2012-08-01,UAL,18.770000457763672,18.149999618530273,18.760000228881836,18.170000076293945,5364000,18.170000076293945
2012-08-02,UAL,18.350000381469727,17.81999969482422,18.1200008392334,18.15999984741211,4353300,18.15999984741211
2012-08-03,UAL,18.600000381469727,17.959999084472656,18.559999465942383,18.260000228881836,5400300,18.260000228881836
2012-08-06,UAL,18.510000228881836,18.200000762939453,18.260000228881836,18.479999542236328,4998300,18.479999542236328
2012-08-07,UAL,18.600000381469727,18.100000381469727,18.469999313354492,18.420000076293945,8555100,18.420000076293945
2012-08-08,UAL,18.469999313354492,17.940000534057617,18.389999389648438,18.31999969482422,6952500,18.31999969482422
2012-08-09,UAL,18.3799991607666,17.809999465942383,18.3799991607666,17.889999389648438,7154300,17.889999389648438
2012-08-10,UAL,18.020000457763672,17.450000762939453,17.989999771118164,17.780000686645508,7302900,17.780000686645508
2012-08-13,UAL,18.360000610351562,17.959999084472656,18.34000015258789,18.190000534057617,4985900,18.190000534057617
2012-08-14,UAL,18.3700008392334,17.950000762939453,18.190000534057617,18.049999237060547,4812900,18.049999237060547
2012-08-15,UAL,18.290000915527344,17.969999313354492,18.139999389648438,18.200000762939453,5256100,18.200000762939453
2012-08-16,UAL,18.43000030517578,18.209999084472656,18.290000915527344,18.290000915527344,4690000,18.290000915527344
2012-08-17,UAL,18.469999313354492,18.049999237060547,18.219999313354492,18.399999618530273,3948700,18.399999618530273
2012-08-20,UAL,19.600000381469727,18.290000915527344,18.31999969482422,19.450000762939453,7754600,19.450000762939453
2012-08-21,UAL,19.989999771118164,19.399999618530273,19.5,19.56999969482422,8197700,19.56999969482422
2012-08-22,UAL,19.56999969482422,19.290000915527344,19.510000228881836,19.350000381469727,4089500,19.350000381469727
2012-08-23,UAL,19.829999923706055,19.1299991607666,19.540000915527344,19.290000915527344,5220300,19.290000915527344
2012-08-24,UAL,19.450000762939453,19.049999237060547,19.149999618530273,19.270000457763672,2408300,19.270000457763672
2012-08-27,UAL,19.350000381469727,18.979999542236328,19.34000015258789,19.020000457763672,3528300,19.020000457763672
2012-08-28,UAL,18.979999542236328,18.469999313354492,18.93000030517578,18.520000457763672,5693800,18.520000457763672
2012-08-29,UAL,18.649999618530273,18.239999771118164,18.5,18.329999923706055,4750600,18.329999923706055
2012-08-30,UAL,18.43000030517578,18.209999084472656,18.290000915527344,18.31999969482422,2763400,18.31999969482422
2012-08-31,UAL,18.6200008392334,18.280000686645508,18.399999618530273,18.450000762939453,2744100,18.450000762939453
2012-09-04,UAL,18.549999237060547,17.979999542236328,18.399999618530273,18.100000381469727,3765600,18.100000381469727
2012-09-05,UAL,19.18000030517578,18.020000457763672,18.020000457763672,19.06999969482422,4950900,19.06999969482422
2012-09-06,UAL,19.780000686645508,19.1200008392334,19.149999618530273,19.56999969482422,5482400,19.56999969482422
2012-09-07,UAL,20.0,19.18000030517578,19.229999542236328,19.700000762939453,3790400,19.700000762939453
2012-09-10,UAL,20.450000762939453,19.75,19.770000457763672,20.059999465942383,4600500,20.059999465942383
2012-09-11,UAL,20.06999969482422,19.5,19.8700008392334,19.799999237060547,3876800,19.799999237060547
2012-09-12,UAL,20.389999389648438,19.729999542236328,19.780000686645508,20.309999465942383,3162300,20.309999465942383
2012-09-13,UAL,20.260000228881836,19.84000015258789,20.239999771118164,20.09000015258789,2560700,20.09000015258789
2012-09-14,UAL,20.1299991607666,19.31999969482422,20.06999969482422,20.059999465942383,4612800,20.059999465942383
2012-09-17,UAL,20.049999237060547,19.5,19.90999984741211,19.729999542236328,3845900,19.729999542236328
2012-09-18,UAL,19.760000228881836,19.010000228881836,19.610000610351562,19.270000457763672,4511500,19.270000457763672
2012-09-19,UAL,20.850000381469727,19.670000076293945,19.690000534057617,20.690000534057617,6780600,20.690000534057617
2012-09-20,UAL,20.729999542236328,20.219999313354492,20.510000228881836,20.260000228881836,3814000,20.260000228881836
2012-09-21,UAL,20.459999084472656,19.93000030517578,20.309999465942383,20.020000457763672,3357800,20.020000457763672
2012-09-24,UAL,20.59000015258789,19.850000381469727,20.049999237060547,20.200000762939453,3649000,20.200000762939453
2012-09-25,UAL,20.389999389648438,19.829999923706055,20.18000030517578,19.829999923706055,3179500,19.829999923706055
2012-09-26,UAL,20.219999313354492,19.799999237060547,19.850000381469727,20.15999984741211,3709100,20.15999984741211
2012-09-27,UAL,20.149999618530273,19.280000686645508,20.010000228881836,19.360000610351562,5157000,19.360000610351562
2012-09-28,UAL,19.549999237060547,19.020000457763672,19.350000381469727,19.5,3462400,19.5
2012-10-01,UAL,20.030000686645508,19.309999465942383,19.479999542236328,19.790000915527344,2759300,19.790000915527344
2012-10-02,UAL,20.09000015258789,19.68000030517578,19.809999465942383,19.940000534057617,2625500,19.940000534057617
2012-10-03,UAL,21.299999237060547,20.100000381469727,20.18000030517578,21.139999389648438,7825500,21.139999389648438
2012-10-04,UAL,21.280000686645508,20.5,21.260000228881836,20.809999465942383,5019900,20.809999465942383
2012-10-05,UAL,21.739999771118164,21.0,21.1200008392334,21.06999969482422,4765200,21.06999969482422
2012-10-08,UAL,21.440000534057617,20.889999389648438,21.270000457763672,20.899999618530273,2262200,20.899999618530273
2012-10-09,UAL,20.84000015258789,20.219999313354492,20.799999237060547,20.489999771118164,3566500,20.489999771118164
2012-10-10,UAL,20.559999465942383,20.1200008392334,20.540000915527344,20.18000030517578,3180900,20.18000030517578
2012-10-11,UAL,20.31999969482422,19.8799991607666,20.260000228881836,19.90999984741211,3472000,19.90999984741211
2012-10-12,UAL,20.219999313354492,19.829999923706055,19.959999084472656,20.0,4756500,20.0
2012-10-15,UAL,20.56999969482422,20.15999984741211,20.290000915527344,20.399999618530273,3437000,20.399999618530273
2012-10-16,UAL,20.5,20.049999237060547,20.399999618530273,20.350000381469727,3464300,20.350000381469727
2012-10-17,UAL,20.709999084472656,20.1200008392334,20.229999542236328,20.6200008392334,3528900,20.6200008392334
2012-10-18,UAL,20.979999542236328,20.559999465942383,20.649999618530273,20.59000015258789,2343900,20.59000015258789
2012-10-19,UAL,20.520000457763672,20.0,20.510000228881836,20.1299991607666,4007300,20.1299991607666
2012-10-22,UAL,20.59000015258789,20.020000457763672,20.1299991607666,20.479999542236328,3059600,20.479999542236328
2012-10-23,UAL,20.75,20.139999389648438,20.690000534057617,20.489999771118164,3082900,20.489999771118164
2012-10-24,UAL,20.780000686645508,20.100000381469727,20.479999542236328,20.270000457763672,4346200,20.270000457763672
2012-10-25,UAL,20.010000228881836,19.229999542236328,19.670000076293945,19.260000228881836,6864300,19.260000228881836
2012-10-26,UAL,19.25,18.899999618530273,19.149999618530273,19.219999313354492,5128900,19.219999313354492
2012-10-31,UAL,19.40999984741211,18.850000381469727,18.850000381469727,19.209999084472656,3942400,19.209999084472656
2012-11-01,UAL,19.549999237060547,19.1200008392334,19.170000076293945,19.479999542236328,2237400,19.479999542236328
2012-11-02,UAL,19.959999084472656,19.34000015258789,19.56999969482422,19.729999542236328,2893400,19.729999542236328
2012-11-05,UAL,20.25,19.670000076293945,19.719999313354492,20.25,3633500,20.25
2012-11-06,UAL,20.479999542236328,19.889999389648438,20.149999618530273,20.469999313354492,3915900,20.469999313354492
2012-11-07,UAL,20.729999542236328,20.1200008392334,20.25,20.530000686645508,5554500,20.530000686645508
2012-11-08,UAL,21.3700008392334,20.309999465942383,20.389999389648438,21.229999542236328,4730300,21.229999542236328
2012-11-09,UAL,21.6200008392334,20.700000762939453,21.020000457763672,21.049999237060547,4749600,21.049999237060547
2012-11-12,UAL,21.219999313354492,20.81999969482422,21.09000015258789,21.040000915527344,1461300,21.040000915527344
2012-11-13,UAL,21.649999618530273,20.65999984741211,20.899999618530273,20.940000534057617,3250200,20.940000534057617
2012-11-14,UAL,21.350000381469727,19.940000534057617,21.020000457763672,19.979999542236328,4521600,19.979999542236328
2012-11-15,UAL,20.18000030517578,19.5,19.950000762939453,19.510000228881836,5090100,19.510000228881836
2012-11-16,UAL,19.670000076293945,19.200000762939453,19.520000457763672,19.5,5105100,19.5
2012-11-19,UAL,19.920000076293945,19.520000457763672,19.56999969482422,19.700000762939453,2555400,19.700000762939453
2012-11-20,UAL,20.450000762939453,19.530000686645508,19.799999237060547,19.770000457763672,4140600,19.770000457763672
2012-11-21,UAL,19.950000762939453,19.469999313354492,19.829999923706055,19.920000076293945,4097700,19.920000076293945
2012-11-23,UAL,20.1299991607666,19.700000762939453,20.0,20.100000381469727,1104700,20.100000381469727
2012-11-26,UAL,20.239999771118164,19.75,20.079999923706055,20.18000030517578,2195600,20.18000030517578
2012-11-27,UAL,20.420000076293945,19.850000381469727,20.110000610351562,20.139999389648438,2637800,20.139999389648438
2012-11-28,UAL,20.40999984741211,20.0,20.1200008392334,20.18000030517578,2871200,20.18000030517578
2012-11-29,UAL,20.5,19.860000610351562,20.200000762939453,20.170000076293945,2330000,20.170000076293945
2012-11-30,UAL,20.260000228881836,19.860000610351562,20.149999618530273,20.219999313354492,3830500,20.219999313354492
2012-12-03,UAL,20.290000915527344,19.799999237060547,20.1299991607666,19.81999969482422,2277900,19.81999969482422
2012-12-04,UAL,20.25,19.540000915527344,19.920000076293945,19.850000381469727,2104800,19.850000381469727
2012-12-05,UAL,20.049999237060547,19.670000076293945,19.920000076293945,19.889999389648438,1868300,19.889999389648438
2012-12-06,UAL,20.540000915527344,19.81999969482422,19.899999618530273,20.510000228881836,3162400,20.510000228881836
2012-12-07,UAL,20.610000610351562,20.229999542236328,20.5,20.510000228881836,2054800,20.510000228881836
2012-12-10,UAL,20.899999618530273,20.309999465942383,20.450000762939453,20.889999389648438,2729000,20.889999389648438
2012-12-11,UAL,22.139999389648438,20.790000915527344,20.790000915527344,21.709999084472656,7317100,21.709999084472656
2012-12-12,UAL,22.010000228881836,21.280000686645508,21.739999771118164,21.40999984741211,3828600,21.40999984741211
2012-12-13,UAL,23.079999923706055,21.3799991607666,21.3799991607666,23.059999465942383,7566000,23.059999465942383
2012-12-14,UAL,23.239999771118164,22.770000457763672,22.829999923706055,23.010000228881836,3431200,23.010000228881836
2012-12-17,UAL,23.920000076293945,23.110000610351562,23.600000381469727,23.350000381469727,7336100,23.350000381469727
2012-12-18,UAL,23.93000030517578,23.350000381469727,23.43000030517578,23.56999969482422,4805400,23.56999969482422
2012-12-19,UAL,24.229999542236328,23.5,23.639999389648438,23.959999084472656,6033700,23.959999084472656
2012-12-20,UAL,24.190000534057617,23.559999465942383,23.979999542236328,24.110000610351562,2865800,24.110000610351562
2012-12-21,UAL,24.200000762939453,23.530000686645508,23.90999984741211,24.190000534057617,7707700,24.190000534057617
2012-12-24,UAL,24.139999389648438,23.700000762939453,23.93000030517578,23.8700008392334,1934400,23.8700008392334
2012-12-26,UAL,23.959999084472656,23.450000762939453,23.649999618530273,23.68000030517578,3656200,23.68000030517578
2012-12-27,UAL,23.809999465942383,23.139999389648438,23.760000228881836,23.190000534057617,2669600,23.190000534057617
2012-12-28,UAL,23.299999237060547,22.8700008392334,23.040000915527344,23.040000915527344,2483700,23.040000915527344
2012-12-31,UAL,23.59000015258789,22.959999084472656,22.969999313354492,23.3799991607666,3155600,23.3799991607666
2013-01-02,UAL,24.40999984741211,23.670000076293945,23.829999923706055,24.190000534057617,2991400,24.190000534057617
2013-01-03,UAL,25.170000076293945,23.920000076293945,23.950000762939453,24.93000030517578,6693900,24.93000030517578
2013-01-04,UAL,25.959999084472656,24.829999923706055,24.850000381469727,25.850000381469727,5184900,25.850000381469727
2013-01-07,UAL,26.110000610351562,25.329999923706055,25.719999313354492,25.670000076293945,5527400,25.670000076293945
2013-01-08,UAL,25.959999084472656,25.399999618530273,25.950000762939453,25.6200008392334,3357400,25.6200008392334
2013-01-09,UAL,25.950000762939453,25.200000762939453,25.559999465942383,25.639999389648438,3610900,25.639999389648438
2013-01-10,UAL,25.8799991607666,24.899999618530273,25.770000457763672,25.389999389648438,6139000,25.389999389648438
2013-01-11,UAL,25.989999771118164,25.309999465942383,25.389999389648438,25.989999771118164,4846500,25.989999771118164
2013-01-14,UAL,26.06999969482422,25.5,25.84000015258789,25.989999771118164,5334200,25.989999771118164
2013-01-15,UAL,26.020000457763672,25.200000762939453,25.280000686645508,25.959999084472656,5428700,25.959999084472656
2013-01-16,UAL,26.229999542236328,25.81999969482422,25.93000030517578,26.200000762939453,4152900,26.200000762939453
2013-01-17,UAL,26.239999771118164,25.600000381469727,26.229999542236328,25.760000228881836,3477600,25.760000228881836
2013-01-18,UAL,25.850000381469727,24.760000228881836,25.649999618530273,24.790000915527344,6662900,24.790000915527344
2013-01-22,UAL,25.329999923706055,24.290000915527344,24.790000915527344,25.200000762939453,9634900,25.200000762939453
2013-01-23,UAL,25.59000015258789,24.8799991607666,25.5,25.0,5518500,25.0
2013-01-24,UAL,26.3700008392334,25.190000534057617,25.31999969482422,25.540000915527344,7241900,25.540000915527344
2013-01-25,UAL,25.559999465942383,24.350000381469727,24.889999389648438,25.5,7507900,25.5
2013-01-28,UAL,25.5,24.540000915527344,25.34000015258789,24.799999237060547,4788700,24.799999237060547
2013-01-29,UAL,24.719999313354492,23.90999984741211,24.59000015258789,23.959999084472656,4419500,23.959999084472656
2013-01-30,UAL,24.190000534057617,23.6200008392334,24.190000534057617,24.079999923706055,3277600,24.079999923706055
2013-01-31,UAL,24.299999237060547,23.809999465942383,24.020000457763672,24.149999618530273,4302900,24.149999618530273
2013-02-01,UAL,24.700000762939453,24.049999237060547,24.270000457763672,24.18000030517578,4099400,24.18000030517578
2013-02-04,UAL,24.510000228881836,23.93000030517578,24.059999465942383,23.950000762939453,4198000,23.950000762939453
2013-02-05,UAL,24.559999465942383,23.889999389648438,24.049999237060547,24.260000228881836,4303800,24.260000228881836
2013-02-06,UAL,25.43000030517578,24.260000228881836,24.280000686645508,25.31999969482422,7329200,25.31999969482422
2013-02-07,UAL,25.81999969482422,25.149999618530273,25.270000457763672,25.719999313354492,4362300,25.719999313354492
2013-02-08,UAL,26.440000534057617,25.709999084472656,25.899999618530273,26.309999465942383,4648600,26.309999465942383
2013-02-11,UAL,26.639999389648438,25.59000015258789,26.309999465942383,26.510000228881836,4570800,26.510000228881836
2013-02-12,UAL,26.479999542236328,25.690000534057617,26.290000915527344,25.889999389648438,3925800,25.889999389648438
2013-02-13,UAL,26.329999923706055,25.8799991607666,25.899999618530273,26.190000534057617,4477900,26.190000534057617
2013-02-14,UAL,26.190000534057617,25.260000228881836,26.110000610351562,25.8700008392334,6112200,25.8700008392334
2013-02-15,UAL,26.84000015258789,25.8700008392334,26.030000686645508,26.3700008392334,6166800,26.3700008392334
2013-02-19,UAL,26.799999237060547,26.239999771118164,26.309999465942383,26.75,2979000,26.75
2013-02-20,UAL,26.799999237060547,26.0,26.639999389648438,26.079999923706055,4211600,26.079999923706055
2013-02-21,UAL,26.280000686645508,25.670000076293945,26.270000457763672,25.90999984741211,3829700,25.90999984741211
2013-02-22,UAL,26.5,25.8799991607666,26.0,26.360000610351562,2960900,26.360000610351562
2013-02-25,UAL,27.219999313354492,26.260000228881836,26.579999923706055,26.290000915527344,4822100,26.290000915527344
2013-02-26,UAL,26.399999618530273,25.530000686645508,26.290000915527344,25.979999542236328,5705100,25.979999542236328
2013-02-27,UAL,27.040000915527344,25.90999984741211,26.010000228881836,26.959999084472656,4863800,26.959999084472656
2013-02-28,UAL,27.18000030517578,26.639999389648438,26.959999084472656,26.709999084472656,3412100,26.709999084472656
2013-03-01,UAL,27.93000030517578,26.579999923706055,26.579999923706055,27.3799991607666,5162000,27.3799991607666
2013-03-04,UAL,28.979999542236328,27.219999313354492,27.219999313354492,28.81999969482422,6305400,28.81999969482422
2013-03-05,UAL,29.8700008392334,28.84000015258789,28.889999389648438,29.549999237060547,7646300,29.549999237060547
2013-03-06,UAL,29.8799991607666,29.170000076293945,29.670000076293945,29.299999237060547,4237800,29.299999237060547
2013-03-07,UAL,29.969999313354492,29.110000610351562,29.299999237060547,29.610000610351562,5676300,29.610000610351562
2013-03-08,UAL,31.639999389648438,29.959999084472656,29.989999771118164,31.350000381469727,9981800,31.350000381469727
2013-03-11,UAL,31.079999923706055,30.350000381469727,30.93000030517578,30.610000610351562,5508700,30.610000610351562
2013-03-12,UAL,30.809999465942383,29.920000076293945,30.59000015258789,29.950000762939453,5704100,29.950000762939453
2013-03-13,UAL,30.90999984741211,29.75,30.049999237060547,30.84000015258789,4759300,30.84000015258789
2013-03-14,UAL,31.25,30.559999465942383,30.780000686645508,31.170000076293945,3708700,31.170000076293945
2013-03-15,UAL,31.350000381469727,30.780000686645508,31.1200008392334,30.940000534057617,5803200,30.940000534057617
2013-03-18,UAL,31.5,30.56999969482422,30.68000030517578,31.200000762939453,3037700,31.200000762939453
2013-03-19,UAL,31.979999542236328,31.239999771118164,31.350000381469727,31.799999237060547,4159300,31.799999237060547
2013-03-20,UAL,32.95000076293945,31.860000610351562,31.969999313354492,32.5,6521400,32.5
2013-03-21,UAL,32.599998474121094,32.040000915527344,32.16999816894531,32.29999923706055,4447300,32.29999923706055
2013-03-22,UAL,32.47999954223633,31.729999542236328,32.31999969482422,31.8700008392334,3290400,31.8700008392334
2013-03-25,UAL,32.33000183105469,31.549999237060547,32.06999969482422,31.899999618530273,2885300,31.899999618530273
2013-03-26,UAL,32.16999816894531,31.75,31.899999618530273,31.790000915527344,3401400,31.790000915527344
2013-03-27,UAL,32.38999938964844,31.56999969482422,31.600000381469727,32.33000183105469,2703900,32.33000183105469
2013-03-28,UAL,32.599998474121094,31.940000534057617,32.279998779296875,32.0099983215332,2510900,32.0099983215332
2013-04-01,UAL,31.940000534057617,30.84000015258789,31.270000457763672,30.969999313354492,5607500,30.969999313354492
2013-04-02,UAL,30.860000610351562,29.15999984741211,30.56999969482422,29.3799991607666,11270600,29.3799991607666
2013-04-03,UAL,30.100000381469727,28.209999084472656,29.559999465942383,28.65999984741211,10511900,28.65999984741211
2013-04-04,UAL,29.329999923706055,28.690000534057617,28.760000228881836,29.299999237060547,3252900,29.299999237060547
2013-04-05,UAL,29.329999923706055,27.899999618530273,28.399999618530273,29.270000457763672,6330300,29.270000457763672
2013-04-08,UAL,30.1299991607666,28.8700008392334,29.389999389648438,30.049999237060547,4063300,30.049999237060547
2013-04-09,UAL,30.420000076293945,29.209999084472656,29.93000030517578,29.290000915527344,4223000,29.290000915527344
2013-04-10,UAL,30.3700008392334,29.5,29.530000686645508,29.829999923706055,4040100,29.829999923706055
2013-04-11,UAL,30.670000076293945,29.799999237060547,29.799999237060547,30.270000457763672,2849700,30.270000457763672
2013-04-12,UAL,30.719999313354492,30.1299991607666,30.18000030517578,30.280000686645508,4352300,30.280000686645508
2013-04-15,UAL,30.59000015258789,28.950000762939453,30.510000228881836,29.09000015258789,5979800,29.09000015258789
2013-04-16,UAL,30.93000030517578,29.68000030517578,29.68000030517578,30.860000610351562,4068800,30.860000610351562
2013-04-17,UAL,31.010000228881836,30.229999542236328,30.709999084472656,30.90999984741211,4025700,30.90999984741211
2013-04-18,UAL,30.93000030517578,29.989999771118164,30.90999984741211,30.229999542236328,4273200,30.229999542236328
2013-04-19,UAL,30.920000076293945,30.15999984741211,30.270000457763672,30.600000381469727,3433900,30.600000381469727
2013-04-22,UAL,30.600000381469727,29.770000457763672,30.600000381469727,30.149999618530273,3080400,30.149999618530273
2013-04-23,UAL,31.899999618530273,29.760000228881836,29.780000686645508,31.100000381469727,7478300,31.100000381469727
2013-04-24,UAL,31.709999084472656,30.510000228881836,31.100000381469727,31.389999389648438,5438800,31.389999389648438
2013-04-25,UAL,31.8799991607666,30.6299991607666,31.18000030517578,30.889999389648438,5518800,30.889999389648438
2013-04-26,UAL,31.309999465942383,30.65999984741211,31.0,31.139999389648438,3436300,31.139999389648438
2013-04-29,UAL,32.150001525878906,31.0,31.0,32.0,4215000,32.0
2013-04-30,UAL,32.689998626708984,31.670000076293945,32.16999816894531,32.29999923706055,4148300,32.29999923706055
2013-05-01,UAL,32.779998779296875,31.579999923706055,32.36000061035156,32.0099983215332,4396700,32.0099983215332
2013-05-02,UAL,32.689998626708984,31.799999237060547,32.02000045776367,32.599998474121094,2257000,32.599998474121094
2013-05-03,UAL,33.81999969482422,32.66999816894531,32.83000183105469,33.0099983215332,3410900,33.0099983215332
2013-05-06,UAL,33.7400016784668,33.04999923706055,33.08000183105469,33.54999923706055,2280100,33.54999923706055
2013-05-07,UAL,33.70000076293945,33.279998779296875,33.630001068115234,33.380001068115234,1465700,33.380001068115234
2013-05-08,UAL,33.91999816894531,33.029998779296875,33.45000076293945,33.279998779296875,4821500,33.279998779296875
2013-05-09,UAL,33.66999816894531,32.45000076293945,33.34000015258789,32.560001373291016,3335400,32.560001373291016
2013-05-10,UAL,33.09000015258789,32.68000030517578,32.790000915527344,32.880001068115234,2074000,32.880001068115234
2013-05-13,UAL,33.06999969482422,32.540000915527344,32.880001068115234,32.91999816894531,4380200,32.91999816894531
2013-05-14,UAL,33.43000030517578,32.970001220703125,33.150001525878906,33.290000915527344,2463000,33.290000915527344
2013-05-15,UAL,35.15999984741211,33.33000183105469,33.33000183105469,34.41999816894531,4832500,34.41999816894531
2013-05-16,UAL,34.970001220703125,34.0,34.599998474121094,34.5,4348600,34.5
2013-05-17,UAL,35.11000061035156,34.310001373291016,34.72999954223633,34.75,3934100,34.75
2013-05-20,UAL,35.27000045776367,34.220001220703125,34.869998931884766,34.290000915527344,2713700,34.290000915527344
2013-05-21,UAL,34.38999938964844,33.060001373291016,34.13999938964844,33.349998474121094,9310500,33.349998474121094
2013-05-22,UAL,33.93000030517578,33.11000061035156,33.41999816894531,33.2400016784668,3389000,33.2400016784668
2013-05-23,UAL,34.369998931884766,32.779998779296875,32.880001068115234,34.36000061035156,3576500,34.36000061035156
2013-05-24,UAL,34.56999969482422,33.84000015258789,34.130001068115234,34.369998931884766,1885900,34.369998931884766
2013-05-28,UAL,34.900001525878906,33.650001525878906,34.630001068115234,33.83000183105469,2310900,33.83000183105469
2013-05-29,UAL,33.75,32.459999084472656,33.65999984741211,33.0,3436200,33.0
2013-05-30,UAL,33.529998779296875,32.58000183105469,33.06999969482422,32.63999938964844,2793000,32.63999938964844
2013-05-31,UAL,32.95000076293945,32.29999923706055,32.52000045776367,32.459999084472656,3532600,32.459999084472656
2013-06-03,UAL,33.20000076293945,31.649999618530273,32.61000061035156,32.15999984741211,3744600,32.15999984741211
2013-06-04,UAL,33.38999938964844,32.11000061035156,32.150001525878906,32.20000076293945,8350500,32.20000076293945
2013-06-05,UAL,32.470001220703125,31.049999237060547,32.18000030517578,31.239999771118164,2876100,31.239999771118164
2013-06-06,UAL,31.459999084472656,29.670000076293945,31.209999084472656,30.670000076293945,7387500,30.670000076293945
2013-06-07,UAL,32.959999084472656,31.299999237060547,31.309999465942383,32.939998626708984,5691000,32.939998626708984
2013-06-10,UAL,33.59000015258789,32.83000183105469,32.95000076293945,33.279998779296875,3229300,33.279998779296875
2013-06-11,UAL,32.81999969482422,31.899999618530273,32.150001525878906,32.45000076293945,4974100,32.45000076293945
2013-06-12,UAL,33.0,31.969999313354492,32.470001220703125,32.040000915527344,2200500,32.040000915527344
2013-06-13,UAL,32.790000915527344,31.81999969482422,32.099998474121094,32.65999984741211,4300800,32.65999984741211
2013-06-14,UAL,33.060001373291016,32.2400016784668,32.63999938964844,32.66999816894531,2219400,32.66999816894531
2013-06-17,UAL,32.959999084472656,31.690000534057617,32.849998474121094,32.09000015258789,2460000,32.09000015258789
2013-06-18,UAL,32.47999954223633,31.84000015258789,32.18000030517578,32.41999816894531,1163500,32.41999816894531
2013-06-19,UAL,32.4900016784668,31.760000228881836,32.36000061035156,31.81999969482422,1281300,31.81999969482422
2013-06-20,UAL,31.600000381469727,30.8799991607666,31.559999465942383,31.15999984741211,2909300,31.15999984741211
2013-06-21,UAL,31.540000915527344,29.290000915527344,31.31999969482422,30.059999465942383,7543500,30.059999465942383
2013-06-24,UAL,29.93000030517578,29.0,29.719999313354492,29.479999542236328,3033600,29.479999542236328
2013-06-25,UAL,30.889999389648438,29.56999969482422,29.860000610351562,30.75,2668300,30.75
2013-06-26,UAL,31.450000762939453,30.639999389648438,30.899999618530273,30.729999542236328,1937300,30.729999542236328
2013-06-27,UAL,31.420000076293945,30.469999313354492,30.93000030517578,31.360000610351562,2489300,31.360000610351562
2013-06-28,UAL,31.979999542236328,31.139999389648438,31.139999389648438,31.290000915527344,4354300,31.290000915527344
2013-07-01,UAL,33.22999954223633,31.299999237060547,31.299999237060547,32.540000915527344,3448900,32.540000915527344
2013-07-02,UAL,32.63999938964844,31.31999969482422,32.4900016784668,31.489999771118164,2278500,31.489999771118164
2013-07-03,UAL,31.959999084472656,30.889999389648438,31.079999923706055,31.229999542236328,2068100,31.229999542236328
2013-07-05,UAL,31.799999237060547,31.139999389648438,31.43000030517578,31.799999237060547,1654600,31.799999237060547
2013-07-08,UAL,32.04999923706055,31.3700008392334,32.0,31.5,1925000,31.5
2013-07-09,UAL,32.16999816894531,31.600000381469727,31.690000534057617,32.0,2061200,32.0
2013-07-10,UAL,31.950000762939453,30.610000610351562,31.950000762939453,30.75,3455800,30.75
2013-07-11,UAL,31.34000015258789,30.049999237060547,31.290000915527344,30.84000015258789,4631600,30.84000015258789
2013-07-12,UAL,31.68000030517578,30.59000015258789,30.59000015258789,31.440000534057617,1892400,31.440000534057617
2013-07-15,UAL,32.18000030517578,31.25,31.489999771118164,32.0099983215332,2640700,32.0099983215332
2013-07-16,UAL,32.02000045776367,31.100000381469727,31.989999771118164,31.15999984741211,2130500,31.15999984741211
2013-07-17,UAL,34.18000030517578,31.139999389648438,31.139999389648438,33.689998626708984,7919500,33.689998626708984
2013-07-18,UAL,34.84000015258789,33.58000183105469,33.689998626708984,34.4900016784668,4859200,34.4900016784668
2013-07-19,UAL,34.59000015258789,33.810001373291016,34.13999938964844,34.5099983215332,2759900,34.5099983215332
2013-07-22,UAL,35.0099983215332,34.34000015258789,34.5099983215332,35.0,2643900,35.0
2013-07-23,UAL,34.97999954223633,34.08000183105469,34.970001220703125,34.560001373291016,3052700,34.560001373291016
2013-07-24,UAL,36.7400016784668,34.869998931884766,34.95000076293945,34.970001220703125,6449700,34.970001220703125
2013-07-25,UAL,35.439998626708984,33.029998779296875,35.06999969482422,34.29999923706055,7160100,34.29999923706055
2013-07-26,UAL,36.310001373291016,33.86000061035156,33.93000030517578,36.25,5126100,36.25
2013-07-29,UAL,36.20000076293945,34.7599983215332,36.09000015258789,34.849998474121094,3741600,34.849998474121094
2013-07-30,UAL,35.400001525878906,34.65999984741211,35.16999816894531,34.970001220703125,2388300,34.970001220703125
2013-07-31,UAL,35.38999938964844,34.84000015258789,34.9900016784668,34.849998474121094,3215900,34.849998474121094
2013-08-01,UAL,35.939998626708984,34.959999084472656,35.060001373291016,35.310001373291016,3230000,35.310001373291016
2013-08-02,UAL,35.650001525878906,34.900001525878906,35.31999969482422,35.650001525878906,2382800,35.650001525878906
2013-08-05,UAL,35.75,34.72999954223633,35.63999938964844,34.88999938964844,2748900,34.88999938964844
2013-08-06,UAL,34.91999816894531,33.2599983215332,34.91999816894531,33.56999969482422,3489300,33.56999969482422
2013-08-07,UAL,34.2599983215332,33.04999923706055,33.540000915527344,34.060001373291016,2436800,34.060001373291016
2013-08-08,UAL,34.90999984741211,34.029998779296875,34.439998626708984,34.810001373291016,4028300,34.810001373291016
2013-08-09,UAL,34.79999923706055,33.619998931884766,34.779998779296875,33.709999084472656,3517200,33.709999084472656
2013-08-12,UAL,33.849998474121094,33.18000030517578,33.52000045776367,33.209999084472656,3591000,33.209999084472656
2013-08-13,UAL,33.599998474121094,30.639999389648438,33.369998931884766,30.729999542236328,24075600,30.729999542236328
2013-08-14,UAL,30.5,29.510000228881836,30.3799991607666,30.040000915527344,12727400,30.040000915527344
2013-08-15,UAL,30.43000030517578,29.469999313354492,30.040000915527344,30.100000381469727,6364000,30.100000381469727
2013-08-16,UAL,31.110000610351562,30.100000381469727,30.200000762939453,30.860000610351562,4655100,30.860000610351562
2013-08-19,UAL,30.899999618530273,30.010000228881836,30.75,30.030000686645508,2196800,30.030000686645508
2013-08-20,UAL,30.610000610351562,29.920000076293945,30.1200008392334,30.059999465942383,2206100,30.059999465942383
2013-08-21,UAL,30.260000228881836,29.649999618530273,30.0,29.729999542236328,3785600,29.729999542236328
2013-08-22,UAL,30.479999542236328,29.780000686645508,29.780000686645508,30.110000610351562,4666400,30.110000610351562
2013-08-23,UAL,30.309999465942383,29.670000076293945,30.239999771118164,29.719999313354492,3510500,29.719999313354492
2013-08-26,UAL,30.280000686645508,29.540000915527344,29.709999084472656,29.860000610351562,4916100,29.860000610351562
2013-08-27,UAL,29.280000686645508,27.31999969482422,29.25,27.709999084472656,12062700,27.709999084472656
2013-08-28,UAL,28.079999923706055,27.40999984741211,27.8700008392334,27.93000030517578,8230400,27.93000030517578
2013-08-29,UAL,28.940000534057617,28.25,28.540000915527344,28.5,5216100,28.5
2013-08-30,UAL,29.059999465942383,28.40999984741211,28.56999969482422,28.459999084472656,5812600,28.459999084472656
2013-09-03,UAL,29.700000762939453,28.389999389648438,29.479999542236328,28.649999618530273,4509300,28.649999618530273
2013-09-04,UAL,29.549999237060547,28.739999771118164,29.079999923706055,29.329999923706055,5065900,29.329999923706055
2013-09-05,UAL,29.899999618530273,29.260000228881836,29.290000915527344,29.700000762939453,3873200,29.700000762939453
2013-09-06,UAL,30.0,29.309999465942383,29.889999389648438,29.719999313354492,5095700,29.719999313354492
2013-09-09,UAL,31.100000381469727,29.979999542236328,29.979999542236328,31.030000686645508,6427600,31.030000686645508
2013-09-10,UAL,33.470001220703125,31.34000015258789,31.389999389648438,33.29999923706055,10610800,33.29999923706055
2013-09-11,UAL,33.2599983215332,32.36000061035156,33.0099983215332,32.65999984741211,6064300,32.65999984741211
2013-09-12,UAL,32.959999084472656,31.6200008392334,32.7400016784668,31.690000534057617,4147700,31.690000534057617
2013-09-13,UAL,32.400001525878906,31.649999618530273,31.649999618530273,32.20000076293945,2291300,32.20000076293945
2013-09-16,UAL,33.040000915527344,32.33000183105469,32.959999084472656,32.65999984741211,4278100,32.65999984741211
2013-09-17,UAL,33.45000076293945,32.529998779296875,33.040000915527344,32.95000076293945,2321900,32.95000076293945
2013-09-18,UAL,33.349998474121094,32.2599983215332,32.880001068115234,33.279998779296875,4338600,33.279998779296875
2013-09-19,UAL,33.90999984741211,33.119998931884766,33.2599983215332,33.790000915527344,3281300,33.790000915527344
2013-09-20,UAL,34.45000076293945,33.2400016784668,33.88999938964844,33.5,5431100,33.5
2013-09-23,UAL,33.52000045776367,32.65999984741211,33.290000915527344,33.18000030517578,3421800,33.18000030517578
2013-09-24,UAL,34.400001525878906,33.0099983215332,33.15999984741211,33.88999938964844,3214800,33.88999938964844
2013-09-25,UAL,34.34000015258789,33.189998626708984,33.93000030517578,34.130001068115234,2554100,34.130001068115234
2013-09-26,UAL,34.38999938964844,33.63999938964844,34.20000076293945,34.06999969482422,2344300,34.06999969482422
2013-09-27,UAL,32.54999923706055,30.8799991607666,32.119998931884766,30.90999984741211,12753700,30.90999984741211
2013-09-30,UAL,31.200000762939453,29.920000076293945,30.579999923706055,30.709999084472656,5878100,30.709999084472656
2013-10-01,UAL,31.829999923706055,30.829999923706055,30.829999923706055,31.3799991607666,5311600,31.3799991607666
2013-10-02,UAL,32.06999969482422,30.860000610351562,31.719999313354492,30.93000030517578,5802800,30.93000030517578
2013-10-03,UAL,31.670000076293945,30.649999618530273,31.040000915527344,31.649999618530273,3631600,31.649999618530273
2013-10-04,UAL,32.040000915527344,31.31999969482422,31.610000610351562,31.739999771118164,3257500,31.739999771118164
2013-10-07,UAL,31.670000076293945,30.959999084472656,31.670000076293945,30.969999313354492,2840700,30.969999313354492
2013-10-08,UAL,31.149999618530273,29.93000030517578,31.100000381469727,30.239999771118164,3626500,30.239999771118164
2013-10-09,UAL,30.610000610351562,29.709999084472656,30.3700008392334,30.079999923706055,3182600,30.079999923706055
2013-10-10,UAL,30.700000762939453,30.030000686645508,30.479999542236328,30.1200008392334,4193100,30.1200008392334
2013-10-11,UAL,30.360000610351562,30.040000915527344,30.18000030517578,30.1200008392334,2859200,30.1200008392334
2013-10-14,UAL,30.040000915527344,29.389999389648438,29.959999084472656,29.920000076293945,3288400,29.920000076293945
2013-10-15,UAL,30.200000762939453,29.469999313354492,29.899999618530273,29.649999618530273,3083300,29.649999618530273
2013-10-16,UAL,29.959999084472656,29.110000610351562,29.850000381469727,29.950000762939453,6362600,29.950000762939453
2013-10-17,UAL,31.270000457763672,29.90999984741211,29.920000076293945,31.149999618530273,5740000,31.149999618530273
2013-10-18,UAL,31.459999084472656,30.84000015258789,31.3700008392334,30.920000076293945,2611800,30.920000076293945
2013-10-21,UAL,31.280000686645508,30.3799991607666,30.899999618530273,30.56999969482422,2297800,30.56999969482422
2013-10-22,UAL,31.700000762939453,30.8700008392334,31.0,31.18000030517578,3673500,31.18000030517578
2013-10-23,UAL,31.600000381469727,30.920000076293945,31.190000534057617,30.950000762939453,3377900,30.950000762939453
2013-10-24,UAL,32.11000061035156,29.6299991607666,30.719999313354492,31.299999237060547,9375700,31.299999237060547
2013-10-25,UAL,31.780000686645508,30.139999389648438,30.719999313354492,31.170000076293945,7961200,31.170000076293945
2013-10-28,UAL,32.279998779296875,31.149999618530273,31.270000457763672,32.119998931884766,6961100,32.119998931884766
2013-10-29,UAL,34.099998474121094,32.310001373291016,32.349998474121094,33.90999984741211,9589000,33.90999984741211
2013-10-30,UAL,34.34000015258789,32.75,34.029998779296875,33.90999984741211,5400600,33.90999984741211
2013-10-31,UAL,34.130001068115234,33.25,33.81999969482422,33.95000076293945,4739500,33.95000076293945
2013-11-01,UAL,35.56999969482422,33.880001068115234,33.95000076293945,35.540000915527344,7567400,35.540000915527344
2013-11-04,UAL,36.79999923706055,35.45000076293945,35.56999969482422,35.849998474121094,6870300,35.849998474121094
2013-11-05,UAL,35.959999084472656,34.9900016784668,35.959999084472656,35.52000045776367,4181400,35.52000045776367
2013-11-06,UAL,35.959999084472656,34.34000015258789,35.79999923706055,34.4900016784668,4212300,34.4900016784668
2013-11-07,UAL,35.0099983215332,33.88999938964844,34.65999984741211,33.9900016784668,4015400,33.9900016784668
2013-11-08,UAL,35.619998931884766,33.61000061035156,33.63999938964844,35.36000061035156,7082200,35.36000061035156
2013-11-11,UAL,35.59000015258789,34.959999084472656,35.40999984741211,35.310001373291016,3925400,35.310001373291016
2013-11-12,UAL,37.81999969482422,35.400001525878906,35.400001525878906,36.790000915527344,12914800,36.790000915527344
2013-11-13,UAL,36.86000061035156,35.650001525878906,36.810001373291016,36.02000045776367,5910300,36.02000045776367
2013-11-14,UAL,37.029998779296875,36.099998474121094,36.099998474121094,36.5,3734300,36.5
2013-11-15,UAL,36.88999938964844,36.470001220703125,36.47999954223633,36.72999954223633,3667800,36.72999954223633
2013-11-18,UAL,37.29999923706055,36.119998931884766,36.91999816894531,36.380001068115234,5135800,36.380001068115234
2013-11-19,UAL,38.90999984741211,37.4900016784668,37.84000015258789,37.79999923706055,16471200,37.79999923706055
2013-11-20,UAL,38.099998474121094,37.099998474121094,38.08000183105469,37.27000045776367,5437900,37.27000045776367
2013-11-21,UAL,37.7400016784668,36.970001220703125,37.04999923706055,37.11000061035156,3059100,37.11000061035156
2013-11-22,UAL,38.790000915527344,37.470001220703125,37.970001220703125,38.540000915527344,8035500,38.540000915527344
2013-11-25,UAL,40.189998626708984,38.79999923706055,38.970001220703125,39.83000183105469,8408300,39.83000183105469
2013-11-26,UAL,39.849998474121094,38.810001373291016,39.84000015258789,39.04999923706055,6382400,39.04999923706055
2013-11-27,UAL,39.65999984741211,39.08000183105469,39.2400016784668,39.43000030517578,3707600,39.43000030517578
2013-11-29,UAL,39.70000076293945,39.0,39.58000183105469,39.25,1559400,39.25
2013-12-02,UAL,39.619998931884766,38.41999816894531,39.310001373291016,38.560001373291016,3604300,38.560001373291016
2013-12-03,UAL,38.66999816894531,37.040000915527344,38.41999816894531,37.16999816894531,5863400,37.16999816894531
2013-12-04,UAL,37.58000183105469,36.75,36.939998626708984,37.56999969482422,4493100,37.56999969482422
2013-12-05,UAL,37.7400016784668,36.72999954223633,37.5099983215332,36.790000915527344,3489100,36.790000915527344
2013-12-06,UAL,37.459999084472656,36.56999969482422,37.18000030517578,36.7400016784668,4188500,36.7400016784668
2013-12-09,UAL,37.720001220703125,36.650001525878906,36.68000030517578,37.54999923706055,5377800,37.54999923706055
2013-12-10,UAL,38.16999816894531,37.5,37.65999984741211,37.63999938964844,5056000,37.63999938964844
2013-12-11,UAL,38.130001068115234,36.45000076293945,37.56999969482422,36.58000183105469,5656500,36.58000183105469
2013-12-12,UAL,37.93000030517578,36.38999938964844,36.38999938964844,37.619998931884766,5804500,37.619998931884766
2013-12-13,UAL,38.880001068115234,37.88999938964844,37.95000076293945,38.529998779296875,4385900,38.529998779296875
2013-12-16,UAL,39.0,38.369998931884766,38.7400016784668,38.470001220703125,2869800,38.470001220703125
2013-12-17,UAL,38.4900016784668,37.209999084472656,38.47999954223633,37.310001373291016,3672600,37.310001373291016
2013-12-18,UAL,37.54999923706055,36.5099983215332,37.36000061035156,37.290000915527344,3712600,37.290000915527344
2013-12-19,UAL,37.689998626708984,36.63999938964844,37.41999816894531,37.27000045776367,2399300,37.27000045776367
2013-12-20,UAL,37.52000045776367,36.77000045776367,37.310001373291016,37.38999938964844,4257900,37.38999938964844
2013-12-23,UAL,37.83000183105469,36.900001525878906,37.560001373291016,36.97999954223633,3391300,36.97999954223633
2013-12-24,UAL,37.83000183105469,36.70000076293945,36.959999084472656,37.599998474121094,2473300,37.599998474121094
2013-12-26,UAL,38.33000183105469,37.61000061035156,37.90999984741211,38.06999969482422,2518600,38.06999969482422
2013-12-27,UAL,38.11000061035156,36.560001373291016,38.06999969482422,36.779998779296875,3615200,36.779998779296875
2013-12-30,UAL,37.43000030517578,36.790000915527344,36.880001068115234,37.29999923706055,2581000,37.29999923706055
2013-12-31,UAL,37.900001525878906,37.349998474121094,37.43000030517578,37.83000183105469,2115500,37.83000183105469
2014-01-02,UAL,38.130001068115234,37.5,37.70000076293945,37.72999954223633,2228400,37.72999954223633
2014-01-03,UAL,40.150001525878906,38.209999084472656,38.439998626708984,39.95000076293945,7080400,39.95000076293945
2014-01-06,UAL,40.5,39.13999938964844,40.11000061035156,39.36000061035156,4640000,39.36000061035156
2014-01-07,UAL,39.97999954223633,38.45000076293945,39.58000183105469,38.689998626708984,4528400,38.689998626708984
2014-01-08,UAL,41.060001373291016,38.650001525878906,39.0,41.02000045776367,7799500,41.02000045776367
2014-01-09,UAL,46.189998626708984,43.709999084472656,44.130001068115234,43.79999923706055,24475700,43.79999923706055
2014-01-10,UAL,45.75,44.0099983215332,44.06999969482422,45.08000183105469,12481600,45.08000183105469
2014-01-13,UAL,45.900001525878906,44.34000015258789,45.310001373291016,44.599998474121094,5528200,44.599998474121094
2014-01-14,UAL,46.779998779296875,44.75,44.810001373291016,46.75,8855400,46.75
2014-01-15,UAL,46.77000045776367,45.5099983215332,46.5,46.5,8506200,46.5
2014-01-16,UAL,47.2400016784668,46.040000915527344,46.08000183105469,47.209999084472656,4673500,47.209999084472656
2014-01-17,UAL,47.86000061035156,46.41999816894531,47.29999923706055,47.06999969482422,5887000,47.06999969482422
2014-01-21,UAL,47.91999816894531,46.88999938964844,47.54999923706055,47.90999984741211,7026800,47.90999984741211
2014-01-22,UAL,49.20000076293945,47.869998931884766,47.900001525878906,49.18000030517578,6962400,49.18000030517578
2014-01-23,UAL,48.7400016784668,47.0,48.099998474121094,48.43000030517578,11049800,48.43000030517578
2014-01-24,UAL,48.22999954223633,45.68000030517578,48.09000015258789,46.130001068115234,10894800,46.130001068115234
2014-01-27,UAL,46.970001220703125,43.880001068115234,46.13999938964844,45.27000045776367,7611000,45.27000045776367
2014-01-28,UAL,46.83000183105469,45.349998474121094,45.349998474121094,46.029998779296875,6293800,46.029998779296875
2014-01-29,UAL,46.720001220703125,45.099998474121094,45.540000915527344,45.43000030517578,5199100,45.43000030517578
2014-01-30,UAL,46.75,45.7599983215332,45.970001220703125,46.43000030517578,4301600,46.43000030517578
2014-01-31,UAL,46.5099983215332,45.81999969482422,46.290000915527344,45.84000015258789,4731400,45.84000015258789
2014-02-03,UAL,45.959999084472656,43.25,45.90999984741211,43.81999969482422,9528000,43.81999969482422
2014-02-04,UAL,44.369998931884766,43.5099983215332,44.16999816894531,43.970001220703125,5430200,43.970001220703125
2014-02-05,UAL,44.02000045776367,42.959999084472656,43.4900016784668,43.61000061035156,4482100,43.61000061035156
2014-02-06,UAL,45.93000030517578,43.63999938964844,43.63999938964844,45.029998779296875,4084100,45.029998779296875
2014-02-07,UAL,46.0099983215332,44.880001068115234,45.029998779296875,45.540000915527344,3331400,45.540000915527344
2014-02-10,UAL,45.84000015258789,44.459999084472656,45.45000076293945,45.11000061035156,2780500,45.11000061035156
2014-02-11,UAL,45.43000030517578,43.29999923706055,45.43000030517578,44.0099983215332,6444100,44.0099983215332
2014-02-12,UAL,44.720001220703125,43.349998474121094,44.060001373291016,44.4900016784668,4867700,44.4900016784668
2014-02-13,UAL,45.13999938964844,43.68000030517578,43.9900016784668,45.099998474121094,3665800,45.099998474121094
2014-02-14,UAL,45.06999969482422,44.18000030517578,45.02000045776367,44.5,3373200,44.5
2014-02-18,UAL,44.810001373291016,43.58000183105469,44.470001220703125,43.65999984741211,5539200,43.65999984741211
2014-02-19,UAL,43.84000015258789,43.06999969482422,43.529998779296875,43.279998779296875,4052600,43.279998779296875
2014-02-20,UAL,45.849998474121094,43.33000183105469,43.33000183105469,45.689998626708984,5218200,45.689998626708984
2014-02-21,UAL,46.72999954223633,45.36000061035156,45.459999084472656,45.599998474121094,4131300,45.599998474121094
2014-02-24,UAL,46.540000915527344,45.25,45.63999938964844,46.099998474121094,3347800,46.099998474121094
2014-02-25,UAL,48.45000076293945,46.650001525878906,46.88999938964844,47.2599983215332,6162700,47.2599983215332
2014-02-26,UAL,47.540000915527344,46.41999816894531,47.25,46.810001373291016,3399200,46.810001373291016
2014-02-27,UAL,47.349998474121094,46.41999816894531,46.810001373291016,46.5099983215332,3054000,46.5099983215332
2014-02-28,UAL,45.95000076293945,44.7400016784668,45.220001220703125,44.959999084472656,9394500,44.959999084472656
2014-03-03,UAL,44.2599983215332,43.380001068115234,44.2599983215332,44.0099983215332,4780200,44.0099983215332
2014-03-04,UAL,45.5,44.72999954223633,44.72999954223633,45.2400016784668,3811700,45.2400016784668
2014-03-05,UAL,47.380001068115234,45.36000061035156,45.41999816894531,47.099998474121094,4926600,47.099998474121094
2014-03-06,UAL,48.849998474121094,47.58000183105469,47.59000015258789,47.97999954223633,6104200,47.97999954223633
2014-03-07,UAL,48.5,46.970001220703125,48.220001220703125,47.75,2848000,47.75
2014-03-10,UAL,49.18000030517578,46.40999984741211,47.709999084472656,46.65999984741211,4580200,46.65999984741211
2014-03-11,UAL,47.130001068115234,45.91999816894531,46.630001068115234,46.20000076293945,2994800,46.20000076293945
2014-03-12,UAL,46.56999969482422,45.56999969482422,45.9900016784668,45.939998626708984,3210000,45.939998626708984
2014-03-13,UAL,46.22999954223633,44.5,46.18000030517578,44.93000030517578,3632000,44.93000030517578
2014-03-14,UAL,45.43000030517578,44.18000030517578,44.689998626708984,44.400001525878906,4864800,44.400001525878906
2014-03-17,UAL,45.939998626708984,44.470001220703125,44.97999954223633,45.63999938964844,4947700,45.63999938964844
2014-03-18,UAL,46.939998626708984,45.15999984741211,45.63999938964844,45.220001220703125,4338000,45.220001220703125
2014-03-19,UAL,45.5,44.380001068115234,45.20000076293945,44.66999816894531,3595600,44.66999816894531
2014-03-20,UAL,45.380001068115234,44.099998474121094,44.470001220703125,45.22999954223633,3493100,45.22999954223633
2014-03-21,UAL,45.470001220703125,43.84000015258789,45.43000030517578,44.33000183105469,6295800,44.33000183105469
2014-03-24,UAL,45.2599983215332,43.650001525878906,45.029998779296875,44.45000076293945,4280300,44.45000076293945
2014-03-25,UAL,45.5,44.5,44.68000030517578,45.20000076293945,3210900,45.20000076293945
2014-03-26,UAL,45.68000030517578,44.130001068115234,45.47999954223633,44.130001068115234,3311400,44.130001068115234
2014-03-27,UAL,44.08000183105469,42.849998474121094,44.0,43.88999938964844,3501100,43.88999938964844
2014-03-28,UAL,44.84000015258789,42.90999984741211,44.0,42.959999084472656,3381400,42.959999084472656
2014-03-31,UAL,44.79999923706055,43.2599983215332,43.2599983215332,44.630001068115234,3105700,44.630001068115234
2014-04-01,UAL,46.91999816894531,45.77000045776367,45.970001220703125,46.900001525878906,6527800,46.900001525878906
2014-04-02,UAL,48.20000076293945,46.95000076293945,47.0099983215332,47.22999954223633,3946300,47.22999954223633
2014-04-03,UAL,47.439998626708984,45.75,47.029998779296875,46.45000076293945,2967900,46.45000076293945
2014-04-04,UAL,46.970001220703125,44.529998779296875,46.810001373291016,44.880001068115234,3915600,44.880001068115234
2014-04-07,UAL,45.290000915527344,43.869998931884766,44.5,44.349998474121094,5026900,44.349998474121094
2014-04-08,UAL,44.689998626708984,42.77000045776367,44.22999954223633,43.310001373291016,6329100,43.310001373291016
2014-04-09,UAL,44.619998931884766,42.540000915527344,43.18000030517578,44.52000045776367,9319900,44.52000045776367
2014-04-10,UAL,44.75,42.2599983215332,44.40999984741211,42.279998779296875,5767000,42.279998779296875
2014-04-11,UAL,42.869998931884766,40.880001068115234,41.970001220703125,41.4900016784668,4168600,41.4900016784668
2014-04-14,UAL,42.0,40.43000030517578,41.880001068115234,41.119998931884766,4537700,41.119998931884766
2014-04-15,UAL,42.77000045776367,40.5,41.779998779296875,41.97999954223633,5000900,41.97999954223633
2014-04-16,UAL,44.4900016784668,42.189998626708984,42.27000045776367,43.939998626708984,4613900,43.939998626708984
2014-04-17,UAL,44.029998779296875,42.77000045776367,44.0,43.54999923706055,3224100,43.54999923706055
2014-04-21,UAL,44.08000183105469,42.79999923706055,43.41999816894531,43.779998779296875,3539300,43.779998779296875
2014-04-22,UAL,45.95000076293945,44.040000915527344,44.04999923706055,45.810001373291016,4664200,45.810001373291016
2014-04-23,UAL,47.4900016784668,45.5099983215332,47.060001373291016,46.060001373291016,4338700,46.060001373291016
2014-04-24,UAL,44.58000183105469,40.810001373291016,44.18000030517578,41.529998779296875,15587900,41.529998779296875
2014-04-25,UAL,41.540000915527344,39.25,41.52000045776367,39.40999984741211,13220400,39.40999984741211
2014-04-28,UAL,39.81999969482422,38.060001373291016,39.630001068115234,39.20000076293945,11360600,39.20000076293945
2014-04-29,UAL,41.599998474121094,39.27000045776367,39.349998474121094,41.560001373291016,9453000,41.560001373291016
2014-04-30,UAL,42.16999816894531,40.4900016784668,41.65999984741211,40.869998931884766,8674700,40.869998931884766
2014-05-01,UAL,41.880001068115234,40.689998626708984,40.77000045776367,40.91999816894531,3201400,40.91999816894531
2014-05-02,UAL,41.34000015258789,40.25,41.0099983215332,40.720001220703125,2637700,40.720001220703125
2014-05-05,UAL,41.0,39.75,40.2599983215332,40.52000045776367,3337800,40.52000045776367
2014-05-06,UAL,41.04999923706055,39.90999984741211,40.54999923706055,40.09000015258789,2852200,40.09000015258789
2014-05-07,UAL,40.41999816894531,38.93000030517578,40.08000183105469,39.900001525878906,5593100,39.900001525878906
2014-05-08,UAL,41.470001220703125,39.709999084472656,39.77000045776367,40.369998931884766,5041300,40.369998931884766
2014-05-09,UAL,40.470001220703125,39.5099983215332,40.279998779296875,40.15999984741211,3885000,40.15999984741211
2014-05-12,UAL,41.59000015258789,40.220001220703125,40.33000183105469,41.58000183105469,5333300,41.58000183105469
2014-05-13,UAL,42.34000015258789,41.310001373291016,41.54999923706055,42.13999938964844,4172500,42.13999938964844
2014-05-14,UAL,42.209999084472656,41.130001068115234,41.900001525878906,41.88999938964844,3406700,41.88999938964844
2014-05-15,UAL,41.650001525878906,40.119998931884766,41.47999954223633,40.79999923706055,4732500,40.79999923706055
2014-05-16,UAL,41.04999923706055,39.560001373291016,40.61000061035156,40.5099983215332,4289400,40.5099983215332
2014-05-19,UAL,41.75,40.209999084472656,40.29999923706055,41.2400016784668,3127100,41.2400016784668
2014-05-20,UAL,41.34000015258789,40.02000045776367,41.2599983215332,40.380001068115234,4368400,40.380001068115234
2014-05-21,UAL,41.97999954223633,40.43000030517578,40.43000030517578,41.31999969482422,6504000,41.31999969482422
2014-05-22,UAL,42.36000061035156,41.22999954223633,41.2599983215332,42.0,3589600,42.0
2014-05-23,UAL,44.38999938964844,41.959999084472656,42.0,43.56999969482422,7412100,43.56999969482422
2014-05-27,UAL,44.0,43.27000045776367,43.810001373291016,43.4900016784668,3643600,43.4900016784668
2014-05-28,UAL,45.41999816894531,43.20000076293945,43.61000061035156,44.88999938964844,4373300,44.88999938964844
2014-05-29,UAL,45.33000183105469,43.849998474121094,44.779998779296875,44.599998474121094,5394100,44.599998474121094
2014-05-30,UAL,45.29999923706055,43.77000045776367,44.61000061035156,44.369998931884766,7028800,44.369998931884766
2014-06-02,UAL,46.81999969482422,44.369998931884766,44.4900016784668,46.70000076293945,7957600,46.70000076293945
2014-06-03,UAL,47.75,46.5,46.630001068115234,47.5099983215332,7507000,47.5099983215332
2014-06-04,UAL,48.060001373291016,46.279998779296875,47.400001525878906,46.869998931884766,10944600,46.869998931884766
2014-06-05,UAL,47.689998626708984,46.83000183105469,46.93000030517578,47.0,4454800,47.0
2014-06-06,UAL,48.130001068115234,47.150001525878906,47.25,48.04999923706055,4178200,48.04999923706055
2014-06-09,UAL,48.130001068115234,46.18000030517578,47.599998474121094,46.380001068115234,7622000,46.380001068115234
2014-06-10,UAL,47.900001525878906,45.5,46.2599983215332,47.7599983215332,6683600,47.7599983215332
2014-06-11,UAL,47.27000045776367,44.91999816894531,46.9900016784668,45.2599983215332,9453100,45.2599983215332
2014-06-12,UAL,44.130001068115234,41.599998474121094,44.02000045776367,42.599998474121094,17072500,42.599998474121094
2014-06-13,UAL,43.369998931884766,41.90999984741211,42.650001525878906,42.779998779296875,10900500,42.779998779296875
2014-06-16,UAL,42.77000045776367,41.7599983215332,42.4900016784668,42.529998779296875,6974500,42.529998779296875
2014-06-17,UAL,44.04999923706055,42.400001525878906,42.58000183105469,43.91999816894531,6882900,43.91999816894531
2014-06-18,UAL,43.900001525878906,43.0099983215332,43.81999969482422,43.7599983215332,5034900,43.7599983215332
2014-06-19,UAL,44.70000076293945,43.130001068115234,44.2400016784668,43.630001068115234,3676700,43.630001068115234
2014-06-20,UAL,44.18000030517578,43.5,43.79999923706055,43.65999984741211,4864900,43.65999984741211
2014-06-23,UAL,43.65999984741211,42.25,43.63999938964844,43.150001525878906,5024000,43.150001525878906
2014-06-24,UAL,43.59000015258789,41.59000015258789,43.150001525878906,41.790000915527344,6871400,41.790000915527344
2014-06-25,UAL,42.209999084472656,40.7400016784668,41.58000183105469,41.810001373291016,5060000,41.810001373291016
2014-06-26,UAL,42.22999954223633,41.040000915527344,41.4900016784668,41.5099983215332,6673100,41.5099983215332
2014-06-27,UAL,42.08000183105469,41.040000915527344,41.599998474121094,41.4900016784668,4881500,41.4900016784668
2014-06-30,UAL,42.189998626708984,41.0,41.619998931884766,41.06999969482422,4453000,41.06999969482422
2014-07-01,UAL,42.400001525878906,41.310001373291016,41.7400016784668,42.2599983215332,6201000,42.2599983215332
2014-07-02,UAL,40.9900016784668,39.220001220703125,40.88999938964844,39.27000045776367,12841200,39.27000045776367
2014-07-03,UAL,40.4900016784668,39.54999923706055,39.54999923706055,39.880001068115234,4290700,39.880001068115234
2014-07-07,UAL,40.0099983215332,38.08000183105469,39.869998931884766,38.619998931884766,8454700,38.619998931884766
2014-07-08,UAL,39.779998779296875,36.650001525878906,37.439998626708984,39.540000915527344,15925200,39.540000915527344
2014-07-09,UAL,40.97999954223633,39.2400016784668,40.54999923706055,40.06999969482422,7504500,40.06999969482422
2014-07-10,UAL,45.2599983215332,41.20000076293945,41.599998474121094,45.16999816894531,20815900,45.16999816894531
2014-07-11,UAL,45.810001373291016,44.65999984741211,44.959999084472656,45.70000076293945,7650600,45.70000076293945
2014-07-14,UAL,45.83000183105469,44.81999969482422,45.72999954223633,44.91999816894531,5269100,44.91999816894531
2014-07-15,UAL,45.900001525878906,44.88999938964844,45.2400016784668,45.220001220703125,5158400,45.220001220703125
2014-07-16,UAL,45.59000015258789,44.7400016784668,45.349998474121094,44.900001525878906,3880400,44.900001525878906
2014-07-17,UAL,45.33000183105469,42.959999084472656,44.68000030517578,43.349998474121094,8266200,43.349998474121094
2014-07-18,UAL,44.59000015258789,43.650001525878906,43.7599983215332,44.25,5226100,44.25
2014-07-21,UAL,44.27000045776367,43.54999923706055,44.25,43.790000915527344,2590700,43.790000915527344
2014-07-22,UAL,45.099998474121094,43.959999084472656,44.09000015258789,44.81999969482422,3545700,44.81999969482422
2014-07-23,UAL,46.31999969482422,44.599998474121094,44.75,46.0,7820700,46.0
2014-07-24,UAL,49.279998779296875,44.54999923706055,48.93000030517578,44.91999816894531,14792900,44.91999816894531
2014-07-25,UAL,47.9900016784668,45.220001220703125,45.52000045776367,46.779998779296875,11748200,46.779998779296875
2014-07-28,UAL,47.290000915527344,45.880001068115234,46.79999923706055,46.54999923706055,5312900,46.54999923706055
2014-07-29,UAL,46.900001525878906,45.75,46.77000045776367,45.84000015258789,4900100,45.84000015258789
2014-07-30,UAL,47.7400016784668,46.150001525878906,47.43000030517578,46.970001220703125,7006100,46.970001220703125
2014-07-31,UAL,47.220001220703125,45.45000076293945,46.040000915527344,46.38999938964844,5015500,46.38999938964844
2014-08-01,UAL,46.77000045776367,45.630001068115234,46.5,46.72999954223633,3360900,46.72999954223633
2014-08-04,UAL,47.38999938964844,44.95000076293945,46.68000030517578,45.5,5029500,45.5
2014-08-05,UAL,46.16999816894531,43.5,45.68000030517578,43.939998626708984,8486300,43.939998626708984
2014-08-06,UAL,44.2400016784668,42.65999984741211,43.54999923706055,43.88999938964844,5368700,43.88999938964844
2014-08-07,UAL,44.720001220703125,42.709999084472656,44.09000015258789,43.2599983215332,5836500,43.2599983215332
2014-08-08,UAL,43.22999954223633,41.93000030517578,43.22999954223633,42.95000076293945,6789000,42.95000076293945
2014-08-11,UAL,43.75,42.75,43.40999984741211,43.119998931884766,4971500,43.119998931884766
2014-08-12,UAL,43.63999938964844,42.599998474121094,43.40999984741211,42.79999923706055,4529100,42.79999923706055
2014-08-13,UAL,44.65999984741211,42.709999084472656,43.09000015258789,44.11000061035156,4068800,44.11000061035156
2014-08-14,UAL,45.939998626708984,44.150001525878906,44.150001525878906,45.91999816894531,5620900,45.91999816894531
2014-08-15,UAL,46.400001525878906,44.9900016784668,46.0,46.0099983215332,5649100,46.0099983215332
2014-08-18,UAL,47.88999938964844,46.31999969482422,46.400001525878906,47.84000015258789,5664900,47.84000015258789
2014-08-19,UAL,48.31999969482422,47.41999816894531,47.79999923706055,47.68000030517578,5411500,47.68000030517578
2014-08-20,UAL,49.36000061035156,47.810001373291016,47.97999954223633,49.25,4813800,49.25
2014-08-21,UAL,49.52000045776367,47.83000183105469,49.45000076293945,48.0099983215332,5271500,48.0099983215332
2014-08-22,UAL,48.849998474121094,48.0,48.189998626708984,48.459999084472656,3380700,48.459999084472656
2014-08-25,UAL,49.0,48.08000183105469,48.79999923706055,48.5099983215332,3591100,48.5099983215332
2014-08-26,UAL,48.81999969482422,48.08000183105469,48.650001525878906,48.220001220703125,2270200,48.220001220703125
2014-08-27,UAL,48.75,47.91999816894531,48.18000030517578,48.220001220703125,2438100,48.220001220703125
2014-08-28,UAL,48.5,47.52000045776367,47.83000183105469,48.31999969482422,2203700,48.31999969482422
2014-08-29,UAL,48.40999984741211,47.22999954223633,48.150001525878906,47.61000061035156,4096000,47.61000061035156
2014-09-02,UAL,50.0,48.0,48.0,49.9900016784668,6237800,49.9900016784668
2014-09-03,UAL,49.150001525878906,48.20000076293945,48.7400016784668,49.029998779296875,5439400,49.029998779296875
2014-09-04,UAL,50.86000061035156,48.79999923706055,49.27000045776367,50.41999816894531,5688300,50.41999816894531
2014-09-05,UAL,51.70000076293945,49.83000183105469,50.290000915527344,50.72999954223633,6309200,50.72999954223633
2014-09-08,UAL,51.7400016784668,50.86000061035156,51.130001068115234,51.130001068115234,5489500,51.130001068115234
2014-09-09,UAL,52.45000076293945,50.5,50.900001525878906,50.84000015258789,6348800,50.84000015258789
2014-09-10,UAL,51.900001525878906,50.560001373291016,51.0,51.7400016784668,4671400,51.7400016784668
2014-09-11,UAL,52.40999984741211,50.599998474121094,52.0,51.029998779296875,5888900,51.029998779296875
2014-09-12,UAL,51.47999954223633,50.369998931884766,51.040000915527344,50.40999984741211,5294800,50.40999984741211
2014-09-15,UAL,50.5,49.16999816894531,50.40999984741211,49.560001373291016,4064800,49.560001373291016
2014-09-16,UAL,49.959999084472656,48.439998626708984,49.27000045776367,49.540000915527344,4920900,49.540000915527344
2014-09-17,UAL,50.630001068115234,48.720001220703125,49.84000015258789,48.93000030517578,5042600,48.93000030517578
2014-09-18,UAL,50.04999923706055,48.470001220703125,49.0,49.900001525878906,3552300,49.900001525878906
2014-09-19,UAL,50.18000030517578,49.220001220703125,50.02000045776367,49.380001068115234,5738500,49.380001068115234
2014-09-22,UAL,49.470001220703125,47.540000915527344,49.470001220703125,47.790000915527344,4804800,47.790000915527344
2014-09-23,UAL,48.7599983215332,47.0,47.72999954223633,48.25,4098800,48.25
2014-09-24,UAL,48.75,47.88999938964844,48.150001525878906,48.20000076293945,3987500,48.20000076293945
2014-09-25,UAL,47.959999084472656,46.43000030517578,47.959999084472656,47.0099983215332,5666300,47.0099983215332
2014-09-26,UAL,47.47999954223633,46.650001525878906,47.060001373291016,47.33000183105469,2837700,47.33000183105469
2014-09-29,UAL,47.220001220703125,46.27000045776367,46.68000030517578,46.75,3585400,46.75
2014-09-30,UAL,47.2599983215332,45.720001220703125,46.7599983215332,46.790000915527344,5221900,46.790000915527344
2014-10-01,UAL,46.150001525878906,44.369998931884766,45.619998931884766,45.470001220703125,10629300,45.470001220703125
2014-10-02,UAL,46.939998626708984,45.27000045776367,45.79999923706055,46.130001068115234,5260700,46.130001068115234
2014-10-03,UAL,48.849998474121094,46.93000030517578,46.93000030517578,48.279998779296875,6526600,48.279998779296875
2014-10-06,UAL,48.79999923706055,46.88999938964844,48.34000015258789,46.939998626708984,5318400,46.939998626708984
2014-10-07,UAL,46.810001373291016,45.36000061035156,46.630001068115234,45.4900016784668,5872100,45.4900016784668
2014-10-08,UAL,46.0,42.86000061035156,45.970001220703125,43.83000183105469,10650900,43.83000183105469
2014-10-09,UAL,47.18000030517578,44.459999084472656,46.20000076293945,45.040000915527344,15993400,45.040000915527344
2014-10-10,UAL,45.709999084472656,42.86000061035156,44.88999938964844,43.7400016784668,7869600,43.7400016784668
2014-10-13,UAL,44.209999084472656,39.459999084472656,44.08000183105469,40.54999923706055,14869500,40.54999923706055
2014-10-14,UAL,43.869998931884766,41.41999816894531,41.630001068115234,43.16999816894531,10138500,43.16999816894531
2014-10-15,UAL,44.189998626708984,39.790000915527344,40.47999954223633,42.54999923706055,15803300,42.54999923706055
2014-10-16,UAL,44.439998626708984,41.36000061035156,41.400001525878906,43.77000045776367,10699200,43.77000045776367
2014-10-17,UAL,45.45000076293945,43.970001220703125,44.25,44.68000030517578,4644000,44.68000030517578
2014-10-20,UAL,47.630001068115234,45.22999954223633,45.650001525878906,47.290000915527344,8639600,47.290000915527344
2014-10-21,UAL,50.0,48.06999969482422,48.130001068115234,49.5099983215332,9314000,49.5099983215332
2014-10-22,UAL,49.939998626708984,48.83000183105469,49.68000030517578,49.060001373291016,7620900,49.060001373291016
2014-10-23,UAL,50.54999923706055,46.65999984741211,46.65999984741211,49.41999816894531,15770500,49.41999816894531
2014-10-24,UAL,50.220001220703125,48.150001525878906,49.31999969482422,49.619998931884766,7255600,49.619998931884766
2014-10-27,UAL,51.84000015258789,49.2599983215332,49.63999938964844,51.72999954223633,10247200,51.72999954223633
2014-10-28,UAL,53.2599983215332,51.130001068115234,51.959999084472656,52.36000061035156,8493900,52.36000061035156
2014-10-29,UAL,52.7400016784668,51.540000915527344,52.310001373291016,52.2599983215332,5327900,52.2599983215332
2014-10-30,UAL,52.43000030517578,51.369998931884766,52.18000030517578,51.7400016784668,3917400,51.7400016784668
2014-10-31,UAL,53.650001525878906,52.439998626708984,52.939998626708984,52.810001373291016,6389900,52.810001373291016
2014-11-03,UAL,54.459999084472656,52.810001373291016,52.95000076293945,54.279998779296875,4787300,54.279998779296875
2014-11-04,UAL,56.900001525878906,54.970001220703125,54.9900016784668,55.209999084472656,7707500,55.209999084472656
2014-11-05,UAL,55.650001525878906,53.77000045776367,55.58000183105469,54.11000061035156,3868100,54.11000061035156
2014-11-06,UAL,56.470001220703125,54.599998474121094,54.849998474121094,55.65999984741211,6666700,55.65999984741211
2014-11-07,UAL,55.84000015258789,53.869998931884766,55.43000030517578,54.18000030517578,5311400,54.18000030517578
2014-11-10,UAL,54.959999084472656,53.2599983215332,53.70000076293945,54.83000183105469,3902100,54.83000183105469
2014-11-11,UAL,55.25,54.2400016784668,54.77000045776367,54.65999984741211,3632500,54.65999984741211
2014-11-12,UAL,54.7400016784668,53.560001373291016,54.279998779296875,54.599998474121094,3120300,54.599998474121094
2014-11-13,UAL,56.790000915527344,54.68000030517578,54.790000915527344,56.7599983215332,6223200,56.7599983215332
2014-11-14,UAL,57.20000076293945,55.72999954223633,56.25,56.099998474121094,5260500,56.099998474121094
2014-11-17,UAL,57.0,55.86000061035156,56.08000183105469,55.9900016784668,4929400,55.9900016784668
2014-11-18,UAL,58.86000061035156,56.040000915527344,56.22999954223633,58.290000915527344,6590700,58.290000915527344
2014-11-19,UAL,58.27000045776367,56.470001220703125,57.45000076293945,57.540000915527344,3836600,57.540000915527344
2014-11-20,UAL,57.63999938964844,56.040000915527344,56.790000915527344,56.38999938964844,4670800,56.38999938964844
2014-11-21,UAL,56.630001068115234,54.61000061035156,56.59000015258789,55.33000183105469,5273700,55.33000183105469
2014-11-24,UAL,56.5,55.25,56.130001068115234,55.90999984741211,3794400,55.90999984741211
2014-11-25,UAL,56.77000045776367,55.11000061035156,55.68000030517578,56.25,6844200,56.25
2014-11-26,UAL,56.79999923706055,56.2400016784668,56.529998779296875,56.599998474121094,3548800,56.599998474121094
2014-11-28,UAL,61.93000030517578,59.0099983215332,59.63999938964844,61.22999954223633,8699400,61.22999954223633
2014-12-01,UAL,61.209999084472656,58.970001220703125,61.0,59.56999969482422,5294200,59.56999969482422
2014-12-02,UAL,60.7599983215332,58.119998931884766,59.9900016784668,59.380001068115234,5597100,59.380001068115234
2014-12-03,UAL,60.209999084472656,57.88999938964844,59.529998779296875,59.290000915527344,4098400,59.290000915527344
2014-12-04,UAL,63.150001525878906,61.189998626708984,61.810001373291016,61.75,8908200,61.75
2014-12-05,UAL,64.9800033569336,61.95000076293945,62.58000183105469,63.029998779296875,8157000,63.029998779296875
2014-12-08,UAL,64.94000244140625,62.84000015258789,63.189998626708984,64.25,5467000,64.25
2014-12-09,UAL,63.34000015258789,61.11000061035156,61.63999938964844,62.52000045776367,9159900,62.52000045776367
2014-12-10,UAL,66.3499984741211,63.369998931884766,64.23999786376953,63.689998626708984,8788400,63.689998626708984
2014-12-11,UAL,66.5,64.37999725341797,64.44000244140625,65.80000305175781,6767600,65.80000305175781
2014-12-12,UAL,67.4000015258789,63.77000045776367,67.30999755859375,64.0999984741211,8168700,64.0999984741211
2014-12-15,UAL,64.83999633789062,62.41999816894531,64.19000244140625,64.04000091552734,6773600,64.04000091552734
2014-12-16,UAL,65.04000091552734,61.560001373291016,64.8499984741211,61.630001068115234,6408000,61.630001068115234
2014-12-17,UAL,63.43000030517578,59.650001525878906,62.06999969482422,62.849998474121094,8608400,62.849998474121094
2014-12-18,UAL,64.5999984741211,62.0,63.52000045776367,64.25,5512900,64.25
2014-12-19,UAL,64.79000091552734,63.029998779296875,63.41999816894531,64.13999938964844,5102100,64.13999938964844
2014-12-22,UAL,65.98999786376953,63.779998779296875,64.61000061035156,64.0,4114400,64.0
2014-12-23,UAL,64.30999755859375,61.79999923706055,64.08999633789062,62.47999954223633,4957800,62.47999954223633
2014-12-24,UAL,65.47000122070312,63.119998931884766,63.119998931884766,64.93000030517578,2714300,64.93000030517578
2014-12-26,UAL,65.69000244140625,64.61000061035156,65.19999694824219,65.27999877929688,3062200,65.27999877929688
2014-12-29,UAL,65.5199966430664,63.869998931884766,64.5999984741211,65.22000122070312,2874300,65.22000122070312
2014-12-30,UAL,66.4000015258789,64.86000061035156,65.30000305175781,66.05000305175781,2644600,66.05000305175781
2014-12-31,UAL,67.7699966430664,65.91999816894531,66.61000061035156,66.88999938964844,4440500,66.88999938964844
